{"baseFov":45,"baseDistance":0.29860057979576893,"aspect":1.0695732838589982,"items":[{"meshIndex":0,"faceIndex":1350,"focus":[0,0,40],"duration":1000,"label":"Hammer"},{"meshIndex":0,"faceIndex":2863,"focus":[183.00556586270864,-2.341717259323504,34],"duration":1000,"label":"Backplate"},{"meshIndex":0,"faceIndex":3950,"focus":[270.1516130333702,0.8024608345330315,14.056082982703543],"duration":1000,"label":"Side"},{"meshIndex":0,"faceIndex":1640,"focus":[31.710054591811797,-24.17585659825101,20.056082982703543],"duration":1000,"label":"Leg"}]}